case_id	source_name
proofnet-001	Artin_exercise_2_2_9
proofnet-002	Artin_exercise_2_4_19
proofnet-003	Artin_exercise_2_11_3
proofnet-004	Artin_exercise_3_5_6
proofnet-005	Artin_exercise_6_1_14
proofnet-006	Artin_exercise_6_4_3
proofnet-007	Artin_exercise_6_8_1
proofnet-008	Artin_exercise_10_2_4
proofnet-009	Artin_exercise_10_4_6
proofnet-010	Artin_exercise_10_7_10
proofnet-011	Artin_exercise_11_4_1b
proofnet-012	Artin_exercise_11_4_6b
proofnet-013	Artin_exercise_11_4_8
proofnet-014	Artin_exercise_13_4_10
proofnet-015	Axler_exercise_1_3
proofnet-016	Axler_exercise_1_8
proofnet-017	Axler_exercise_3_1
proofnet-018	Axler_exercise_4_4
proofnet-019	Axler_exercise_5_4
proofnet-020	Axler_exercise_5_12
proofnet-021	Axler_exercise_5_20
proofnet-022	Axler_exercise_6_2
proofnet-023	Axler_exercise_6_7
proofnet-024	Axler_exercise_6_16
proofnet-025	Axler_exercise_7_6
proofnet-026	Axler_exercise_7_10
proofnet-027	Axler_exercise_7_14
proofnet-028	Dummit_Foote_exercise_1_1_3
proofnet-029	Dummit_Foote_exercise_1_1_5
proofnet-030	Dummit_Foote_exercise_1_1_16
proofnet-031	Dummit_Foote_exercise_1_1_18
proofnet-032	Dummit_Foote_exercise_1_1_22a
proofnet-033	Dummit_Foote_exercise_1_1_25
proofnet-034	Dummit_Foote_exercise_1_1_34
proofnet-035	Dummit_Foote_exercise_1_6_4
proofnet-036	Dummit_Foote_exercise_1_6_17
proofnet-037	Dummit_Foote_exercise_2_1_5
proofnet-038	Dummit_Foote_exercise_2_4_4
proofnet-039	Dummit_Foote_exercise_2_4_16b
proofnet-040	Dummit_Foote_exercise_3_1_3a
proofnet-041	Dummit_Foote_exercise_3_1_22b
proofnet-042	Dummit_Foote_exercise_3_2_11
proofnet-043	Dummit_Foote_exercise_3_2_21a
proofnet-044	Dummit_Foote_exercise_3_4_1
proofnet-047	Dummit_Foote_exercise_4_2_14
proofnet-048	Dummit_Foote_exercise_4_3_26
proofnet-049	Dummit_Foote_exercise_4_4_6a
proofnet-050	Dummit_Foote_exercise_4_4_7
proofnet-051	Dummit_Foote_exercise_4_5_1a
proofnet-052	Dummit_Foote_exercise_4_5_14
proofnet-053	Dummit_Foote_exercise_4_5_16
proofnet-054	Dummit_Foote_exercise_4_5_18
proofnet-055	Dummit_Foote_exercise_4_5_20
proofnet-056	Dummit_Foote_exercise_4_5_22
proofnet-057	Dummit_Foote_exercise_4_5_28
proofnet-058	Dummit_Foote_exercise_5_4_2
proofnet-059	Dummit_Foote_exercise_7_1_11
proofnet-060	Dummit_Foote_exercise_7_1_15
proofnet-061	Dummit_Foote_exercise_7_2_12
proofnet-062	Dummit_Foote_exercise_7_3_37
proofnet-063	Dummit_Foote_exercise_8_1_12
proofnet-064	Dummit_Foote_exercise_8_3_4
proofnet-065	Dummit_Foote_exercise_8_3_6a
proofnet-066	Dummit_Foote_exercise_9_1_6
proofnet-067	Dummit_Foote_exercise_9_3_2
proofnet-068	Dummit_Foote_exercise_9_4_2b
proofnet-069	Dummit_Foote_exercise_9_4_2d
proofnet-070	Dummit_Foote_exercise_9_4_11
proofnet-071	Herstein_exercise_2_1_21
proofnet-072	Herstein_exercise_2_1_27
proofnet-073	Herstein_exercise_2_2_5
proofnet-074	Herstein_exercise_2_3_17
proofnet-075	Herstein_exercise_2_4_36
proofnet-076	Herstein_exercise_2_5_30
proofnet-077	Herstein_exercise_2_5_37
proofnet-078	Herstein_exercise_2_5_44
proofnet-079	Herstein_exercise_2_6_15
proofnet-080	Herstein_exercise_2_8_12
proofnet-081	Herstein_exercise_2_9_2
proofnet-082	Herstein_exercise_2_11_6
proofnet-083	Herstein_exercise_2_11_22
proofnet-084	Herstein_exercise_4_1_19
proofnet-085	Herstein_exercise_4_2_5
proofnet-086	Herstein_exercise_4_2_9
proofnet-087	Herstein_exercise_4_3_25
proofnet-088	Herstein_exercise_4_5_16
proofnet-089	Herstein_exercise_4_5_25
proofnet-090	Herstein_exercise_4_6_3
proofnet-091	Herstein_exercise_5_2_20
proofnet-092	Herstein_exercise_5_3_10
proofnet-093	Herstein_exercise_5_5_2
proofnet-094	Ireland_Rosen_exercise_1_27
proofnet-095	Ireland_Rosen_exercise_1_31
proofnet-096	Ireland_Rosen_exercise_2_21
proofnet-097	Ireland_Rosen_exercise_3_1
proofnet-098	Ireland_Rosen_exercise_3_5
proofnet-099	Ireland_Rosen_exercise_3_14
proofnet-100	Ireland_Rosen_exercise_4_5
proofnet-101	Ireland_Rosen_exercise_4_8
proofnet-102	Ireland_Rosen_exercise_5_13
proofnet-103	Ireland_Rosen_exercise_5_37
proofnet-104	Ireland_Rosen_exercise_18_4
proofnet-105	Munkres_exercise_13_1
proofnet-106	Munkres_exercise_13_4a1
proofnet-107	Munkres_exercise_13_4b1
proofnet-108	Munkres_exercise_13_5a
proofnet-109	Munkres_exercise_13_6
proofnet-110	Munkres_exercise_13_8b
proofnet-111	Munkres_exercise_16_4
proofnet-112	Munkres_exercise_17_4
proofnet-113	Munkres_exercise_18_8b
proofnet-114	Munkres_exercise_19_6a
proofnet-115	Munkres_exercise_21_6a
proofnet-116	Munkres_exercise_21_8
proofnet-117	Munkres_exercise_22_2b
proofnet-118	Munkres_exercise_23_2
proofnet-119	Munkres_exercise_23_4
proofnet-120	Munkres_exercise_23_9
proofnet-121	Munkres_exercise_24_2
proofnet-123	Munkres_exercise_26_11
proofnet-124	Munkres_exercise_27_4
proofnet-125	Munkres_exercise_28_5
proofnet-126	Munkres_exercise_29_1
proofnet-127	Munkres_exercise_29_10
proofnet-128	Munkres_exercise_30_13
proofnet-129	Munkres_exercise_31_2
proofnet-130	Munkres_exercise_32_1
proofnet-131	Munkres_exercise_32_2b
proofnet-132	Munkres_exercise_32_3
proofnet-133	Munkres_exercise_33_8
proofnet-134	Munkres_exercise_38_6
proofnet-135	Pugh_exercise_2_12a
proofnet-136	Pugh_exercise_2_29
proofnet-137	Pugh_exercise_2_41
proofnet-138	Pugh_exercise_2_57
proofnet-139	Pugh_exercise_2_126
proofnet-140	Pugh_exercise_3_4
proofnet-141	Pugh_exercise_3_63b
proofnet-142	Putnam_exercise_1998_a3
proofnet-143	Putnam_exercise_2000_a2
proofnet-144	Putnam_exercise_2010_a4
proofnet-145	Putnam_exercise_2017_b3
proofnet-146	Putnam_exercise_2018_b2
proofnet-147	Putnam_exercise_2020_b5
proofnet-148	Rudin_exercise_1_1a
proofnet-149	Rudin_exercise_1_2
proofnet-150	Rudin_exercise_1_5
proofnet-151	Rudin_exercise_1_11a
proofnet-152	Rudin_exercise_1_13
proofnet-153	Rudin_exercise_1_16a
proofnet-154	Rudin_exercise_1_18a
proofnet-155	Rudin_exercise_2_24
proofnet-156	Rudin_exercise_2_27a
proofnet-157	Rudin_exercise_2_28
proofnet-158	Rudin_exercise_3_1a
proofnet-159	Rudin_exercise_3_3
proofnet-160	Rudin_exercise_3_6a
proofnet-161	Rudin_exercise_3_8
proofnet-162	Rudin_exercise_3_20
proofnet-163	Rudin_exercise_3_22
proofnet-164	Rudin_exercise_4_2a
proofnet-165	Rudin_exercise_4_4a
proofnet-166	Rudin_exercise_4_5a
proofnet-167	Rudin_exercise_4_6
proofnet-168	Rudin_exercise_4_8a
proofnet-169	Rudin_exercise_4_12
proofnet-170	Rudin_exercise_4_19
proofnet-171	Rudin_exercise_4_24
proofnet-172	Rudin_exercise_5_2
proofnet-173	Rudin_exercise_5_4
proofnet-174	Rudin_exercise_5_6
proofnet-175	Rudin_exercise_5_15
proofnet-176	Shakarchi_exercise_1_13a
proofnet-177	Shakarchi_exercise_1_13c
proofnet-178	Shakarchi_exercise_1_19b
proofnet-179	Shakarchi_exercise_1_26
proofnet-180	Shakarchi_exercise_2_9
proofnet-181	Shakarchi_exercise_3_3
proofnet-182	Shakarchi_exercise_3_9
proofnet-183	Shakarchi_exercise_3_22
proofnet-184	Artin_exercise_2_3_2
proofnet-185	Artin_exercise_2_8_6
proofnet-186	Artin_exercise_3_2_7
proofnet-187	Artin_exercise_3_7_2
proofnet-188	Artin_exercise_6_4_2
proofnet-189	Artin_exercise_6_4_12
proofnet-190	Artin_exercise_10_1_13
proofnet-191	Artin_exercise_10_4_7a
proofnet-192	Artin_exercise_10_6_7
proofnet-193	Artin_exercise_11_2_13
proofnet-194	Artin_exercise_11_4_6a
proofnet-195	Artin_exercise_11_4_6c
proofnet-196	Artin_exercise_11_13_3
proofnet-197	Artin_exercise_13_6_10
proofnet-198	Axler_exercise_1_2
proofnet-199	Axler_exercise_1_4
proofnet-200	Axler_exercise_1_9
proofnet-201	Axler_exercise_3_8
proofnet-202	Axler_exercise_5_1
proofnet-203	Axler_exercise_5_11
proofnet-204	Axler_exercise_5_13
proofnet-205	Axler_exercise_5_24
proofnet-206	Axler_exercise_6_3
proofnet-207	Axler_exercise_6_13
proofnet-208	Axler_exercise_7_5
proofnet-209	Axler_exercise_7_9
proofnet-210	Axler_exercise_7_11
proofnet-211	Dummit_Foote_exercise_1_1_2a
proofnet-213	Dummit_Foote_exercise_1_1_15
proofnet-214	Dummit_Foote_exercise_1_1_17
proofnet-215	Dummit_Foote_exercise_1_1_20
proofnet-216	Dummit_Foote_exercise_1_1_22b
proofnet-217	Dummit_Foote_exercise_1_1_29
proofnet-218	Dummit_Foote_exercise_1_3_8
proofnet-219	Dummit_Foote_exercise_1_6_11
proofnet-220	Dummit_Foote_exercise_1_6_23
proofnet-221	Dummit_Foote_exercise_2_1_13
proofnet-222	Dummit_Foote_exercise_2_4_16a
proofnet-223	Dummit_Foote_exercise_2_4_16c
proofnet-224	Dummit_Foote_exercise_3_1_22a
proofnet-225	Dummit_Foote_exercise_3_2_8
proofnet-226	Dummit_Foote_exercise_3_2_16
proofnet-227	Dummit_Foote_exercise_3_3_3
proofnet-228	Dummit_Foote_exercise_3_4_4
proofnet-230	Dummit_Foote_exercise_4_2_8
proofnet-231	Dummit_Foote_exercise_4_2_9a
proofnet-232	Dummit_Foote_exercise_4_4_2
proofnet-233	Dummit_Foote_exercise_4_4_6b
proofnet-234	Dummit_Foote_exercise_4_4_8a
proofnet-235	Dummit_Foote_exercise_4_5_13
proofnet-236	Dummit_Foote_exercise_4_5_15
proofnet-237	Dummit_Foote_exercise_4_5_17
proofnet-238	Dummit_Foote_exercise_4_5_19
proofnet-239	Dummit_Foote_exercise_4_5_21
proofnet-240	Dummit_Foote_exercise_4_5_23
proofnet-241	Dummit_Foote_exercise_4_5_33
proofnet-242	Dummit_Foote_exercise_7_1_2
proofnet-243	Dummit_Foote_exercise_7_1_12
proofnet-244	Dummit_Foote_exercise_7_2_2
proofnet-245	Dummit_Foote_exercise_7_3_16
proofnet-246	Dummit_Foote_exercise_7_4_27
proofnet-247	Dummit_Foote_exercise_8_2_4
proofnet-248	Dummit_Foote_exercise_8_3_5a
proofnet-249	Dummit_Foote_exercise_8_3_6b
proofnet-250	Dummit_Foote_exercise_9_1_10
proofnet-251	Dummit_Foote_exercise_9_4_2a
proofnet-252	Dummit_Foote_exercise_9_4_2c
proofnet-253	Dummit_Foote_exercise_9_4_9
proofnet-254	Dummit_Foote_exercise_11_1_13
proofnet-255	Herstein_exercise_2_1_18
proofnet-256	Herstein_exercise_2_1_26
proofnet-257	Herstein_exercise_2_2_3
proofnet-258	Herstein_exercise_2_2_6c
proofnet-259	Herstein_exercise_2_3_16
proofnet-260	Herstein_exercise_2_5_23
proofnet-261	Herstein_exercise_2_5_31
proofnet-262	Herstein_exercise_2_5_43
proofnet-263	Herstein_exercise_2_5_52
proofnet-264	Herstein_exercise_2_7_7
proofnet-265	Herstein_exercise_2_8_15
proofnet-266	Herstein_exercise_2_10_1
proofnet-267	Herstein_exercise_2_11_7
proofnet-268	Herstein_exercise_3_2_21
proofnet-269	Herstein_exercise_4_1_34
proofnet-270	Herstein_exercise_4_2_6
proofnet-271	Herstein_exercise_4_3_1
proofnet-272	Herstein_exercise_4_4_9
proofnet-273	Herstein_exercise_4_5_23
proofnet-274	Herstein_exercise_4_6_2
proofnet-275	Herstein_exercise_5_1_8
proofnet-276	Herstein_exercise_5_3_7
proofnet-277	Herstein_exercise_5_4_3
proofnet-278	Herstein_exercise_5_6_14
proofnet-279	Ireland_Rosen_exercise_1_30
proofnet-280	Ireland_Rosen_exercise_2_4
proofnet-281	Ireland_Rosen_exercise_2_27a
proofnet-282	Ireland_Rosen_exercise_3_4
proofnet-283	Ireland_Rosen_exercise_3_10
proofnet-284	Ireland_Rosen_exercise_4_4
proofnet-285	Ireland_Rosen_exercise_4_6
proofnet-286	Ireland_Rosen_exercise_4_11
proofnet-287	Ireland_Rosen_exercise_5_28
proofnet-288	Ireland_Rosen_exercise_12_12
proofnet-289	Munkres_exercise_13_3b
proofnet-290	Munkres_exercise_13_4a2
proofnet-291	Munkres_exercise_13_4b2
proofnet-292	Munkres_exercise_13_5b
proofnet-293	Munkres_exercise_13_8a
proofnet-294	Munkres_exercise_16_1
proofnet-295	Munkres_exercise_16_6
proofnet-296	Munkres_exercise_18_8a
proofnet-297	Munkres_exercise_18_13
proofnet-298	Munkres_exercise_20_2
proofnet-299	Munkres_exercise_21_6b
proofnet-300	Munkres_exercise_22_2a
proofnet-301	Munkres_exercise_22_5
proofnet-302	Munkres_exercise_23_3
proofnet-303	Munkres_exercise_23_6
proofnet-304	Munkres_exercise_23_11
proofnet-305	Munkres_exercise_24_3a
proofnet-306	Munkres_exercise_25_9
proofnet-307	Munkres_exercise_26_12
proofnet-308	Munkres_exercise_28_4
proofnet-309	Munkres_exercise_28_6
proofnet-310	Munkres_exercise_29_4
proofnet-311	Munkres_exercise_30_10
proofnet-312	Munkres_exercise_31_1
proofnet-313	Munkres_exercise_31_3
proofnet-314	Munkres_exercise_32_2a
proofnet-315	Munkres_exercise_32_2c
proofnet-316	Munkres_exercise_33_7
proofnet-317	Munkres_exercise_34_9
proofnet-318	Munkres_exercise_43_2
proofnet-319	Pugh_exercise_2_26
proofnet-320	Pugh_exercise_2_32a
proofnet-321	Pugh_exercise_2_46
proofnet-322	Pugh_exercise_2_92
proofnet-323	Pugh_exercise_3_1
proofnet-324	Pugh_exercise_3_63a
proofnet-325	Pugh_exercise_4_15a
proofnet-326	Putnam_exercise_1998_b6
proofnet-327	Putnam_exercise_1999_b4
proofnet-328	Putnam_exercise_2001_a5
proofnet-329	Putnam_exercise_2014_a5
proofnet-330	Putnam_exercise_2018_a5
proofnet-331	Putnam_exercise_2018_b4
proofnet-332	Rudin_exercise_1_1b
proofnet-333	Rudin_exercise_1_4
proofnet-334	Rudin_exercise_1_8
proofnet-335	Rudin_exercise_1_12
proofnet-336	Rudin_exercise_1_17
proofnet-337	Rudin_exercise_1_18b
proofnet-338	Rudin_exercise_2_19a
proofnet-339	Rudin_exercise_2_25
proofnet-340	Rudin_exercise_2_27b
proofnet-341	Rudin_exercise_2_29
proofnet-342	Rudin_exercise_3_2a
proofnet-343	Rudin_exercise_3_5
proofnet-344	Rudin_exercise_3_7
proofnet-345	Rudin_exercise_3_13
proofnet-346	Rudin_exercise_3_21
proofnet-347	Rudin_exercise_4_1a
proofnet-348	Rudin_exercise_4_3
proofnet-349	Rudin_exercise_4_4b
proofnet-350	Rudin_exercise_4_5b
proofnet-351	Rudin_exercise_4_8a
proofnet-352	Rudin_exercise_4_11a
proofnet-353	Rudin_exercise_4_15
proofnet-354	Rudin_exercise_4_21a
proofnet-355	Rudin_exercise_5_1
proofnet-356	Rudin_exercise_5_3
proofnet-357	Rudin_exercise_5_5
proofnet-358	Rudin_exercise_5_7
proofnet-359	Rudin_exercise_5_17
proofnet-360	Shakarchi_exercise_1_13b
proofnet-361	Shakarchi_exercise_1_19a
proofnet-362	Shakarchi_exercise_1_19c
proofnet-363	Shakarchi_exercise_2_2
proofnet-364	Shakarchi_exercise_2_13
proofnet-365	Shakarchi_exercise_3_4
proofnet-366	Shakarchi_exercise_3_14
proofnet-367	Shakarchi_exercise_5_1
